Name,CountryCode,Population
A CoruÃ±a (La CoruÃ±a),ESP,243402.0
Aalborg,DNK,161161.0
Abadan,IRN,206073.0
Abbotsford,CAN,105403.0
Aberdeen,GBR,213070.0
Abiko,JPN,126670.0
Abohar,IND,107163.0
Abu Dhabi,ARE,398695.0
Accra,GHA,1070000.0
Achalpur,IND,96216.0
Acheng,CHN,197595.0
Adamstown,PCN,42.0
Adana,TUR,1131198.0
Addis Abeba,ETH,2495000.0
Adelaide,AUS,978100.0
Adiyaman,TUR,141529.0
Adoni,IND,136182.0
Afyon,TUR,103984.0
Agadir,MAR,155244.0
Agartala,IND,157358.0
AgaÃ±a,GUM,1139.0
Agra,IND,891790.0
Ahmadpur East,PAK,96000.0
Ahmedabad,IND,2876710.0
Ahome,MEX,358663.0
Ahvaz,IRN,804980.0
Aix-en-Provence,FRA,134222.0
Aizawl,IND,155240.0
Aizuwakamatsu,JPN,119287.0
Ajman,ARE,114395.0
Ajmer,IND,402700.0
Akashi,JPN,292253.0
Akishima,JPN,106914.0
Akita,JPN,314440.0
Akola,IND,328034.0
Akure,NGA,162300.0
Alagoinhas,BRA,126820.0
Alanya,TUR,117300.0
Albacete,ESP,147527.0
Alberton,ZAF,410102.0
AlcalÃ¡ de Henares,ESP,164463.0
AlcorcÃ³n,ESP,142048.0
Alessandria,ITA,90289.0
Alexandria,EGY,3328196.0
Alger,DZA,2168000.0
Alicante [Alacant],ESP,272432.0
Aligarh,IND,480520.0
Alkmaar,NLD,92713.0
Allahabad,IND,792858.0
Allappuzha (Alleppey),IND,174666.0
Almaty,KAZ,1129400.0
Almirante Brown,ARG,538918.0
Alor Setar,MYS,124412.0
Alvorada,BRA,175574.0
Alwar,IND,205086.0
Amadora,PRT,122106.0
Amagasaki,JPN,481434.0
Ambala,IND,122596.0
Ambala Sadar,IND,90712.0
Ambato,ECU,169612.0
Ambattur,IND,215424.0
Ambon,IDN,249312.0
Americana,BRA,177409.0
Amersfoort,NLD,126270.0
Amman,JOR,1000000.0
Amol,IRN,159092.0
Amoy [Xiamen],CHN,627500.0
Amravati,IND,421576.0
Amritsar,IND,708835.0
Amsterdam,NLD,731200.0
Anaheim,USA,328014.0
Anantapur,IND,174924.0
Ancona,ITA,98329.0
Andimeshk,IRN,106923.0
Andria,ITA,94443.0
Angeles,PHL,263971.0
Angra dos Reis,BRA,96864.0
Anjo,JPN,153823.0
Ankang,CHN,142170.0
Anqing,CHN,250718.0
Ansan,KOR,510314.0
Anshan,CHN,1200000.0
Antipolo,PHL,470866.0
AntsirabÃ©,MDG,120239.0
Antwerpen,BEL,446525.0
Anyang,CHN,420332.0
AnÃ¡polis,BRA,282197.0
Aomori,JPN,295969.0
Apopa,SLV,88800.0
Aqsu,CHN,164092.0
Aqtau,KAZ,143400.0
Aracaju,BRA,445555.0
Arad,ROM,184408.0
Araguari,BRA,98399.0
AraguaÃ­na,BRA,114948.0
Arak,IRN,380755.0
Arapiraca,BRA,178988.0
Araras,BRA,101046.0
Arayat,PHL,101792.0
AraÂ´ar,SAU,108100.0
AraÃ§atuba,BRA,169303.0
Ardebil,IRN,340386.0
Arequipa,PER,762000.0
Arica,CHL,189036.0
Armavir,RUS,164900.0
Armenia,COL,288977.0
Arnhem,NLD,138020.0
Arrah (Ara),IND,157082.0
Asahikawa,JPN,364813.0
Asaka,JPN,114815.0
Asansol,IND,262188.0
Ashdod,ISR,155800.0
Ashikaga,JPN,165243.0
Asmara,ERI,431000.0
Assuan,EGY,219017.0
Astana,KAZ,311200.0
Asyut,EGY,343498.0
Athenai,GRC,772072.0
Atibaia,BRA,100356.0
Atsugi,JPN,212407.0
AtÅ¡insk,RUS,121600.0
Augsburg,DEU,254867.0
Avadi,IND,183215.0
Avarua,COK,11900.0
Avellaneda,ARG,353046.0
Awka,NGA,111200.0
Aydin,TUR,128651.0
Babol,IRN,158346.0
Bacabal,BRA,93121.0
Bacolod,PHL,429076.0
Bacoor,PHL,305699.0
Badajoz,ESP,136613.0
Badalona,ESP,209635.0
Bafoussam,CMR,131000.0
Baghdad,IRQ,4336000.0
Bago,PHL,141721.0
Baguio,PHL,252386.0
BagÃ©,BRA,120793.0
Bahawalnagar,PAK,109600.0
Bahraich,IND,135400.0
BahÃ­a Blanca,ARG,239810.0
Bairiki,KIR,2226.0
Bakersfield,USA,247057.0
Baku,AZE,1787800.0
Balikpapan,IDN,338752.0
Baliuag,PHL,119675.0
Bally,IND,184474.0
Balti,MDA,153400.0
Balurghat,IND,119796.0
Bamako,MLI,809552.0
Bamenda,CMR,138000.0
Banda Aceh,IDN,143409.0
Bandar-e Anzali,IRN,98500.0
Bandar-e-Abbas,IRN,273578.0
Bangalore,IND,2660088.0
Banha,EGY,145792.0
Bani Suwayf,EGY,172032.0
Banjarmasin,IDN,482931.0
Banjul,GMB,42326.0
Bansberia,IND,93447.0
Banyuwangi,IDN,89900.0
Baoding,CHN,483155.0
Baoji,CHN,337765.0
Baotou,CHN,980000.0
Baquba,IRQ,114516.0
Barakaldo,ESP,98212.0
Barasat,IND,107365.0
Barbacena,BRA,113079.0
Barcelona,VEN,322267.0
Barinas,VEN,217831.0
Barletta,ITA,91904.0
Barra Mansa,BRA,168953.0
Barra do PiraÃ­,BRA,89388.0
Barrackpur,IND,133265.0
Barrancabermeja,COL,178020.0
Barretos,BRA,104156.0
Barueri,BRA,208426.0
Basildon,GBR,100924.0
Basirhat,IND,101409.0
Basra,IRQ,406296.0
Basse-Terre,GLP,12433.0
Batam,IDN,91871.0
Batna,DZA,183377.0
Battambang,KHM,129800.0
Batumi,GEO,137700.0
Bauru,BRA,313670.0
Bayambang,PHL,96609.0
Baybay,PHL,95630.0
Beerseba,ISR,163700.0
Beihai,CHN,112673.0
Beipiao,CHN,194301.0
BeiÂ´an,CHN,204899.0
Bekasi,IDN,644300.0
Belfast,GBR,287500.0
Belford Roxo,BRA,425194.0
Belize City,BLZ,55810.0
Bellary,IND,245391.0
Bello,COL,333470.0
Bene Beraq,ISR,133900.0
Bengbu,CHN,449245.0
Bengkulu,IDN,146439.0
Beni-Mellal,MAR,140212.0
Benin City,NGA,229400.0
Bento GonÃ§alves,BRA,89254.0
Benxi,CHN,770000.0
Beograd,YUG,1204000.0
Beppu,JPN,127486.0
Berazategui,ARG,276916.0
Berdjansk,UKR,130000.0
Berhampore (Baharampur),IND,115144.0
Bern,CHE,122700.0
Betim,BRA,302108.0
Bhagalpur,IND,253225.0
Bharatpur,IND,148519.0
Bharuch (Broach),IND,133102.0
Bhatinda (Bathinda),IND,159042.0
Bhatpara,IND,304952.0
Bhavnagar,IND,402338.0
Bhilai,IND,386159.0
Bhilwara,IND,183965.0
Bhimavaram,IND,121314.0
Bhind,IND,109755.0
Bhir (Bid),IND,112434.0
Bhiwandi,IND,379070.0
Bhopal,IND,1062771.0
Bhubaneswar,IND,411542.0
Bhusawal,IND,145143.0
Bidar,IND,108016.0
Bihar Sharif,IND,201323.0
Bikaner,IND,416289.0
Bikenibeu,KIR,5055.0
Bilaspur,IND,179833.0
Bilbao,ESP,357589.0
Binjai,IDN,127222.0
Binzhou,CHN,133555.0
Biratnagar,NPL,157764.0
Birigui,BRA,94685.0
Birkenhead,GBR,93087.0
Birmingham,GBR,1013000.0
Biskra,DZA,128281.0
Bislig,PHL,97860.0
Bismil,TUR,101400.0
BiÃ±an,PHL,201186.0
Blackburn,GBR,140000.0
Blackpool,GBR,151000.0
Blantyre,MWI,478155.0
Blida (el-Boulaida),DZA,127284.0
Blumenau,BRA,244379.0
Boa Vista,BRA,167185.0
Bobo-Dioulasso,BFA,300000.0
Boca del RÃ­o,MEX,135721.0
Bogor,IDN,285114.0
Bogra,BGD,120170.0
Bojnurd,IRN,134835.0
Bokaro Steel City,IND,333683.0
Bologna,ITA,381161.0
Boma,COD,135284.0
Bonn,DEU,301048.0
Bordeaux,FRA,215363.0
Bose,CHN,93009.0
Boston,USA,589141.0
Botshabelo,ZAF,177971.0
Bottrop,DEU,121097.0
Boulogne-Billancourt,FRA,106367.0
Bournemouth,GBR,162000.0
Bozhou,CHN,106346.0
Brahmanbaria,BGD,109032.0
Brahmapur,IND,210418.0
Brakpan,ZAF,171363.0
Brampton,CAN,296711.0
Brasov,ROM,314225.0
BrasÃ­lia,BRA,1969868.0
Brazzaville,COG,950000.0
Breda,NLD,160398.0
Bremen,DEU,540330.0
Brest,BLR,286000.0
Brighton,GBR,156124.0
Brindisi,ITA,93454.0
Bristol,GBR,402000.0
Brownsville,USA,139722.0
Brugge,BEL,116246.0
Bruxelles [Brussel],BEL,133859.0
Bucaramanga,COL,515555.0
Budapest,HUN,1811552.0
Budaun,IND,116695.0
Buenaventura,COL,224336.0
Buga,COL,110699.0
Bukan,IRN,120020.0
Bukavu,COD,201569.0
Bulandshahr,IND,127201.0
Bulaq al-Dakrur,EGY,148787.0
Burgos,ESP,162802.0
Burhanpur,IND,172710.0
Burlington,CAN,145150.0
Burnaby,CAN,179209.0
Butuan,PHL,267279.0
Buzau,ROM,148372.0
BÃ¦rum,NOR,101340.0
BÃ©char,DZA,107311.0
Cabo de Santo Agostinho,BRA,149964.0
Cabuyao,PHL,106630.0
Cachoeiro de Itapemirim,BRA,155024.0
Cadiz,PHL,141954.0
Caen,FRA,113987.0
Cagliari,ITA,165926.0
Caguas,PRI,140502.0
Cainta,PHL,242511.0
Calapan,PHL,105910.0
Calbayog,PHL,147187.0
Calcutta [Kolkata],IND,4399819.0
Calgary,CAN,768082.0
Cali,COL,2077386.0
Cam Pha,VNM,209086.0
CamagÃ¼ey,CUB,298726.0
Camaragibe,BRA,118968.0
CamaÃ§ari,BRA,149146.0
CametÃ¡,BRA,92779.0
Campina Grande,BRA,352497.0
Campinas,BRA,950043.0
Campo Grande,BRA,649593.0
Campos dos Goytacazes,BRA,398418.0
Canberra,AUS,322723.0
Cangzhou,CHN,242708.0
Canoas,BRA,294125.0
Cape Town,ZAF,2352121.0
Caracas,VEN,1975294.0
Cariacica,BRA,319033.0
Cartagena,COL,805757.0
Cartago,COL,125884.0
Caruaru,BRA,244247.0
CarÃºpano,VEN,119639.0
Casablanca,MAR,2940623.0
Cascavel,BRA,237510.0
Castanhal,BRA,127634.0
Catanduva,BRA,107761.0
Catania,ITA,337862.0
Catanzaro,ITA,96700.0
Cauayan,PHL,103952.0
Caucaia,BRA,238738.0
Cavite,PHL,99367.0
Cayenne,GUF,50699.0
Central Coast,AUS,227657.0
Centro (Villahermosa),MEX,519873.0
Cesena,ITA,89852.0
Chalco,MEX,222201.0
Champdani,IND,98818.0
Chandannagar,IND,120378.0
Chandigarh,IND,504094.0
Chandrapur,IND,226105.0
Changde,CHN,301276.0
Changji,CHN,132260.0
Changshu,CHN,181805.0
Changzhi,CHN,317144.0
Changzhou,CHN,530000.0
Chaozhou,CHN,313469.0
ChapecÃ³,BRA,144158.0
Chapra,IND,136877.0
Charleroi,BEL,200827.0
Chatsworth,ZAF,189885.0
Chelmsford,GBR,97451.0
Cheltenham,GBR,106000.0
Chengde,CHN,246799.0
Chengdu,CHN,3361500.0
Chennai (Madras),IND,3841396.0
Chenzhou,CHN,169400.0
Chhindwara,IND,93731.0
Chiayi,TWN,265109.0
Chiba,JPN,863930.0
Chifeng,CHN,350077.0
Chihuahua,MEX,670208.0
Chimoio,MOZ,171056.0
Chinhae,KOR,125997.0
Chishtian Mandi,PAK,101700.0
Chittagong,BGD,1392860.0
Chittoor,IND,133462.0
Chofu,JPN,201585.0
Chong-up,KOR,139111.0
Chongqing,CHN,6351600.0
Chonju,KOR,563153.0
ChorzÃ³w,POL,121708.0
Chungli,TWN,318649.0
ChÃ¤rjew,TKM,189200.0
Cibinong,IDN,101300.0
Ciego de Ãvila,CUB,98505.0
Cilacap,IDN,206900.0
Cilegon,IDN,117000.0
Cimahi,IDN,344600.0
Cimanggis,IDN,205100.0
Ciomas,IDN,187400.0
Ciparay,IDN,111500.0
Ciputat,IDN,270800.0
Citeureup,IDN,105100.0
Ciudad de Guatemala,GTM,823301.0
Cixi,CHN,107329.0
Cluj-Napoca,ROM,332498.0
Coatzacoalcos,MEX,267037.0
Cochabamba,BOL,482800.0
Cochin (Kochi),IND,564589.0
Cockburn Town,TCA,4800.0
CodÃ³,BRA,103153.0
Coimbatore,IND,816321.0
Colatina,BRA,107354.0
Colombo,LKA,645000.0
Colorado Springs,USA,360890.0
Columbia,USA,116278.0
Columbus,USA,186291.0
Conakry,GIN,1090610.0
Concepcion,PHL,115171.0
ConcepciÃ³n,CHL,217664.0
Concord,USA,121780.0
Concordia,ARG,116485.0
Conselheiro Lafaiete,BRA,97507.0
Constantine,DZA,443727.0
Contagem,BRA,520801.0
CopiapÃ³,CHL,120128.0
Coquitlam,CAN,101820.0
CorumbÃ¡,BRA,90111.0
Cosoleacaque,MEX,97199.0
Cotabato,PHL,163849.0
Cotia,BRA,140042.0
Cotonou,BEN,536827.0
Coventry,GBR,304000.0
Crawley,GBR,97000.0
CriciÃºma,BRA,167661.0
CuautitlÃ¡n Izcalli,MEX,452976.0
Cuautla,MEX,153132.0
CubatÃ£o,BRA,102372.0
Cuddalore,IND,153086.0
Cuddapah,IND,121463.0
Cuenca,ECU,270353.0
CuiabÃ¡,BRA,453813.0
CuliacÃ¡n,MEX,744859.0
CuricÃ³,CHL,115766.0
Curitiba,BRA,1584232.0
CÃ³rdoba,ARG,1157507.0
CÃºcuta,COL,606932.0
Dagupan,PHL,130328.0
Daito,JPN,130594.0
Dali,CHN,136554.0
Dalian,CHN,2697000.0
Damanhur,EGY,212203.0
Daqing,CHN,660000.0
Daraga (Locsin),PHL,101031.0
Darbhanga,IND,218391.0
DasmariÃ±as,PHL,379520.0
Davao,PHL,1147116.0
DaÂ´an,CHN,138963.0
Dehra Dun,IND,270159.0
Delft,NLD,95268.0
Delhi Cantonment,IND,94326.0
Delicias,MEX,116132.0
Delmas,HTI,240429.0
Delta,CAN,95411.0
Denpasar,IDN,435000.0
Depok,IDN,236000.0
Dera Ghazi Khan,PAK,188100.0
Derbent,RUS,92300.0
Dese,ETH,97314.0
Deyang,CHN,182488.0
Dezful,IRN,202639.0
Dezhou,CHN,195485.0
Dhule (Dhulia),IND,278317.0
Diadema,BRA,335078.0
Dibrugarh,IND,120127.0
Digos,PHL,125171.0
Dinajpur,BGD,127815.0
Dindigul,IND,182477.0
Dipolog,PHL,99862.0
Dire Dawa,ETH,164851.0
Disuq,EGY,91300.0
DivinÃ³polis,BRA,185047.0
Djibouti,DJI,383000.0
Dniprodzerzynsk,UKR,270000.0
Dobric,BGR,100399.0
Dongtai,CHN,192247.0
Dongwan,CHN,308669.0
Dongying,CHN,281728.0
Donostia-San SebastiÃ¡n,ESP,179208.0
Dordrecht,NLD,119811.0
Dos Hermanas,ESP,94591.0
Dos Quebradas,COL,159363.0
Douala,CMR,1448300.0
Douglas,GBR,23487.0
Dourados,BRA,164716.0
Dubai,ARE,669181.0
Dublin,IRL,481854.0
Dudley,GBR,192171.0
Dujiangyan,CHN,123357.0
Dumaguete,PHL,102265.0
Dundee,GBR,146690.0
Dunedin,NZL,119600.0
Duque de Caxias,BRA,746758.0
Durban,ZAF,566120.0
Durg,IND,150645.0
Durgapur,IND,425836.0
Duyun,CHN,132971.0
DÃ¼ren,DEU,91092.0
East London,ZAF,221047.0
East York,CAN,114034.0
Eastbourne,GBR,90000.0
Ebetsu,JPN,118805.0
Ebina,JPN,115571.0
Ecatepec de Morelos,MEX,1620303.0
Ech-Chleff (el-Asnam),DZA,96794.0
Ede,NLD,101574.0
Edinburgh,GBR,450180.0
Edmonton,CAN,616306.0
Eindhoven,NLD,201843.0
Ejigbo,NGA,105900.0
Ekibastuz,KAZ,127200.0
El Araich,MAR,90400.0
Elche [Elx],ESP,193174.0
ElÃ¢zig,TUR,228815.0
Embu,BRA,222223.0
Enschede,NLD,149544.0
Enshi,CHN,93056.0
Enugu,NGA,316100.0
Envigado,COL,135848.0
Epe,NGA,101000.0
Erode,IND,159232.0
Escobar,ARG,116675.0
Eslamshahr,IRN,265450.0
Esmeraldas,ECU,123045.0
Essen,DEU,599515.0
Etawah,IND,124072.0
EunÃ¡polis,BRA,96610.0
Exeter,GBR,111000.0
Ezeiza,ARG,99578.0
Ezhou,CHN,190123.0
Fagatogo,ASM,2323.0
Faizabad,IND,124437.0
Fargona,UZB,180500.0
Faridabad,IND,703592.0
Farrukhabad-cum-Fatehgarh,IND,194567.0
Feira de Santana,BRA,479992.0
Fengcheng,CHN,193784.0
Fengyuan,TWN,161032.0
Ferrara,ITA,132127.0
Ferraz de Vasconcelos,BRA,139283.0
Firenze,ITA,376662.0
Firozabad,IND,215128.0
Flint,USA,124943.0
Florencia,COL,108574.0
Florencio Varela,ARG,315432.0
FlorianÃ³polis,BRA,281928.0
Floridablanca,COL,221913.0
Foggia,ITA,154891.0
ForlÃ¬,ITA,107475.0
Formosa,ARG,147636.0
Fort Worth,USA,534694.0
Fortaleza,BRA,2097757.0
Foshan,CHN,303160.0
Foz do IguaÃ§u,BRA,259425.0
Francistown,BWA,101805.0
Freiburg im Breisgau,DEU,202455.0
Fuchu,JPN,220576.0
Fuenlabrada,ESP,171173.0
Fuji,JPN,231527.0
Fujieda,JPN,126897.0
Fujin,CHN,103104.0
Fujisawa,JPN,372840.0
Fukaya,JPN,102156.0
Fukuyama,JPN,376921.0
Fuling,CHN,173878.0
Funabashi,JPN,545299.0
Fushun,CHN,1200000.0
Fuxin,CHN,640000.0
Fuyang,CHN,179572.0
Fuzhou,CHN,1593800.0
FÃ¼rth,DEU,109771.0
Gaborone,BWA,213017.0
Gadag Betigeri,IND,134051.0
Gandhidham,IND,104585.0
Gandhinagar,IND,123359.0
Ganganagar,IND,161482.0
Ganzhou,CHN,220129.0
Garden Grove,USA,165196.0
Garut,IDN,95800.0
Gaya,IND,291675.0
Gazipur,BGD,96717.0
Gdansk,POL,458988.0
Gdynia,POL,253521.0
Geelong,AUS,125382.0
General Mariano Alvarez,PHL,112446.0
General San MartÃ­n,ARG,422542.0
Gent,BEL,224180.0
George,ZAF,93818.0
George Town,CYM,19600.0
Georgetown,GUY,254000.0
Gera,DEU,114718.0
Germiston,ZAF,164252.0
Getafe,ESP,145371.0
Ghaziabad,IND,454156.0
Ghulja,CHN,177193.0
Gibraltar,GIB,27025.0
Gifu,JPN,408007.0
GijÃ³n,ESP,267980.0
Gilbert,USA,109697.0
Gillingham,GBR,92000.0
Giron,COL,90688.0
Giza,EGY,2221868.0
Gjumri,ARM,211700.0
Gliwice,POL,212164.0
Gloucester,CAN,107314.0
Gloucester,GBR,107000.0
Godhra,IND,96813.0
GoiÃ¢nia,BRA,1056330.0
Goma,COD,109094.0
Gonbad-e Qabus,IRN,111253.0
Gongziling,CHN,226569.0
Gorakhpur,IND,505566.0
Gorgan,IRN,188710.0
Gothenburg [GÃ¶teborg],SWE,466990.0
Granada,ESP,244767.0
Graz,AUT,240967.0
Grenoble,FRA,153317.0
Grimsby,GBR,89000.0
Groningen,NLD,172701.0
Guadalupe,MEX,108881.0
Guarapuava,BRA,160510.0
GuaratinguetÃ¡,BRA,103433.0
Guarenas,VEN,165889.0
GuarujÃ¡,BRA,237206.0
Guarulhos,BRA,1095874.0
Guasave,MEX,277201.0
Guayaquil,ECU,2070040.0
GuaymallÃ©n,ARG,200595.0
Guaymas,MEX,130108.0
GuaÃ­ba,BRA,92224.0
Gudivada,IND,101656.0
Guelph,CAN,103593.0
Guigang,CHN,114025.0
Guilin,CHN,364130.0
Gujranwala,PAK,1124749.0
Gujrat,PAK,250121.0
Gulbarga,IND,304099.0
Guntur,IND,471051.0
Gurgaon,IND,128608.0
Guwahati (Gauhati),IND,584342.0
Gwalior,IND,690765.0
GÃ¤ncÃ¤,AZE,299300.0
GÃ¶ttingen,DEU,124775.0
GÃ¼tersloh,DEU,95028.0
Haag,NLD,440900.0
Haarlem,NLD,148772.0
Haarlemmermeer,NLD,110722.0
Habikino,JPN,118968.0
Habra,IND,100223.0
Haeju,PRK,229172.0
Hagonoy,PHL,111425.0
Haicheng,CHN,205560.0
Hailun,CHN,133565.0
Haining,CHN,100478.0
Haldia,IND,100347.0
Haldwani-cum-Kathgodam,IND,104195.0
Halifax,CAN,113910.0
Halifax,GBR,91069.0
Halisahar,IND,114028.0
Hamamatsu,JPN,568796.0
Hamhung,PRK,709730.0
Hami,CHN,161315.0
Hamilton,BMU,1200.0
Hamilton,CAN,335614.0
Handa,JPN,108600.0
Hangzhou,CHN,2190500.0
Hanoi,VNM,1410000.0
Hanzhong,CHN,169930.0
Haora (Howrah),IND,950435.0
Harbin,CHN,4289800.0
Hardwar (Haridwar),IND,147305.0
Harkova [Harkiv],UKR,1500000.0
Hassan,IND,90803.0
Hat Yai,THA,148632.0
Hazaribag,IND,97712.0
Hebi,CHN,212976.0
Hefei,CHN,1369100.0
Hegang,CHN,520000.0
Heidelberg,DEU,139672.0
Helsingborg,SWE,117737.0
Hengshui,CHN,104269.0
Hengyang,CHN,487148.0
Hermosillo,MEX,608697.0
Heze,CHN,189293.0
Higashiosaka,JPN,517785.0
Himeji,JPN,475167.0
Hims,SYR,507404.0
Hindupur,IND,104651.0
Hino,JPN,166770.0
Hiratsuka,JPN,254207.0
Hirosaki,JPN,177522.0
Hiroshima,JPN,1119117.0
Hisar (Hissar),IND,172677.0
Hitachinaka,JPN,148006.0
Hobart,AUS,126118.0
Hodeida,YEM,298500.0
Hohhot,CHN,916700.0
Hong Gai,VNM,127484.0
Honghu,CHN,190772.0
Hongjiang,CHN,116188.0
Honiara,SLB,50100.0
HortolÃ¢ndia,BRA,135755.0
Hoshiarpur,IND,122705.0
Hospet,IND,96322.0
Hradec KrÃ¡lovÃ©,CZE,98080.0
Huaibei,CHN,366549.0
Huaihua,CHN,126785.0
Huainan,CHN,700000.0
Huaiyin,CHN,239675.0
HuaiÂ´an,CHN,131149.0
Hualien,TWN,108407.0
Huambo,AGO,163100.0
Huangshan,CHN,102628.0
Huangshi,CHN,457601.0
Huangyan,CHN,89288.0
Huddersfield,GBR,143726.0
Huelva,ESP,140583.0
Hugli-Chinsurah,IND,151806.0
Huizhou,CHN,161023.0
Hurlingham,ARG,170028.0
Huzhou,CHN,218071.0
HuÃ¡nuco,PER,129688.0
Hyesan,PRK,178020.0
Ibaraki,JPN,261020.0
Ibarra,ECU,130643.0
Ibb,YEM,103300.0
IbiritÃ©,BRA,125982.0
Ica,PER,194820.0
Ichihara,JPN,279280.0
Ichikawa,JPN,441893.0
Idfu,EGY,94200.0
Iguala de la Independencia,MEX,123883.0
Iida,JPN,107583.0
Ikare,NGA,140800.0
Ikoma,JPN,111645.0
Ikorodu,NGA,184900.0
Iksan,KOR,322685.0
Ila,NGA,264000.0
Ilam,IRN,126346.0
IlhÃ©us,BRA,254970.0
Iligan,PHL,285061.0
Iloilo,PHL,365820.0
Imabari,JPN,119357.0
Imperatriz,BRA,224564.0
Imus,PHL,195482.0
Inazawa,JPN,98746.0
Indaiatuba,BRA,135968.0
Indore,IND,1091674.0
Ingraj Bazar (English Bazar),IND,139204.0
Innsbruck,AUT,111752.0
Ipswich,GBR,114000.0
Iquique,CHL,177892.0
Iquitos,PER,367000.0
Irbil,IRQ,485968.0
Isahaya,JPN,93058.0
Ise,JPN,101732.0
Isehara,JPN,98123.0
Isesaki,JPN,123285.0
Ishinomaki,JPN,120963.0
Isparta,TUR,121911.0
Istanbul,TUR,8787958.0
ItaboraÃ­,BRA,173977.0
Itabuna,BRA,182148.0
ItagÃ¼Ã­,COL,228985.0
Itaituba,BRA,101320.0
Itami,JPN,190886.0
Itapetininga,BRA,119391.0
Itu,BRA,132736.0
Ituiutaba,BRA,90507.0
Izmit (Kocaeli),TUR,210068.0
Izumi,JPN,166979.0
JaboatÃ£o dos Guararapes,BRA,558680.0
Jacobina,BRA,96131.0
Jaffna,LKA,149000.0
Jahrom,IRN,94200.0
Jaipur,IND,1458483.0
Jakarta,IDN,9604900.0
Jakutsk,RUS,195400.0
Jalandhar (Jullundur),IND,509510.0
Jalgaon,IND,242193.0
Jalna,IND,174985.0
Jamestown,SHN,1500.0
Jammu,IND,214737.0
Jamnagar,IND,341637.0
JaraguÃ¡ do Sul,BRA,102580.0
Jaunpur,IND,136062.0
Jaya Pura,IDN,94700.0
JaÃº,BRA,109965.0
JequiÃ©,BRA,179128.0
Jerez de la Frontera,ESP,182660.0
Jerusalem,ISR,633700.0
Jessentuki,RUS,97900.0
Jessore,BGD,139710.0
Jevpatorija,UKR,112000.0
Jhansi,IND,300850.0
Jhelum,PAK,145800.0
Jiangmen,CHN,230587.0
Jiangyin,CHN,213659.0
Jiangyou,CHN,175753.0
Jiaohe,CHN,176367.0
Jiaonan,CHN,121397.0
Jiaozuo,CHN,409100.0
Jieyang,CHN,98531.0
Jilin,CHN,1040000.0
Jinan,CHN,2278100.0
Jinchang,CHN,105287.0
Jincheng,CHN,136396.0
Jingdezhen,CHN,281183.0
Jinhua,CHN,144280.0
Jining,CHN,265248.0
Jinmen,CHN,160794.0
Jinzhou,CHN,332880.5
Jirja,EGY,95400.0
Jiutai,CHN,180130.0
JiÂ´an,CHN,148583.0
Jodhpur,IND,666279.0
Joetsu,JPN,133505.0
Johannesburg,ZAF,756653.0
Joinville,BRA,428011.0
Jokohama [Yokohama],JPN,3339594.0
Jombang,IDN,92600.0
JosÃ© C. Paz,ARG,221754.0
JoÃ£o Pessoa,BRA,584029.0
Juazeiro,BRA,201073.0
Juazeiro do Norte,BRA,199636.0
Junan,CHN,90222.0
JundÃ­aÃ­,BRA,296127.0
JuÃ¡rez,MEX,1217818.0
Kabankalan,PHL,149769.0
Kabul,AFG,1780000.0
Kadoma,JPN,138953.0
Kaduna,NGA,342200.0
Kafr al-Dawwar,EGY,231978.0
Kafr al-Shaykh,EGY,124819.0
Kaifeng,CHN,510000.0
Kaiserslautern,DEU,100025.0
Kaiyuan,CHN,124219.0
Kakamigahara,JPN,131831.0
Kakogawa,JPN,266281.0
Kalemie,COD,101309.0
Kaliningrad,RUS,424400.0
Kalookan,PHL,1177604.0
Kalyan,IND,1014557.0
Kamagaya,JPN,100821.0
Kamakura,JPN,167661.0
Kamarhati,IND,266889.0
Kameoka,JPN,92398.0
Kananga,COD,393030.0
Kanazawa,JPN,455386.0
Kanchipuram,IND,150100.0
Kanchrapara,IND,100194.0
Kano,NGA,674100.0
Kanpur,IND,1874409.0
Kanpur Cantonment,IND,93109.0
Kanton [Guangzhou],CHN,4256300.0
Kanuma,JPN,93053.0
Karawang,IDN,145000.0
Karbala,IRQ,296705.0
Kars,TUR,93000.0
Kashiwa,JPN,320296.0
Kashiwazaki,JPN,91229.0
Kasugai,JPN,282348.0
Kasukabe,JPN,201838.0
Katowice,POL,345934.0
Kawachinagano,JPN,119666.0
Kawagoe,JPN,327211.0
Kawaguchi,JPN,452155.0
Kawanishi,JPN,149794.0
Kawasaki,JPN,1217359.0
Kayseri,TUR,475657.0
KecskemÃ©t,HUN,105606.0
Kediri,IDN,253760.0
Keelung (Chilung),TWN,385201.0
Kelang,MYS,243355.0
Kelowna,CAN,89442.0
Kendari,IDN,94800.0
Kerman,IRN,384991.0
Kermanshah,IRN,692986.0
Khandwa,IND,145133.0
Kharagpur,IND,177989.0
Khomeynishahr,IRN,165888.0
Khorramabad,IRN,272815.0
Khoy,IRN,148944.0
Khujand,TJK,161500.0
Khulna,BGD,663340.0
Kidapawan,PHL,101205.0
Kimberley,ZAF,197254.0
Kimchaek,PRK,179000.0
Kimchon,KOR,147027.0
Kimhae,KOR,256370.0
Kimitsu,JPN,93216.0
Kingston,JAM,103962.0
Kingston upon Hull,GBR,262000.0
Kingstown,VCT,17100.0
Kinshasa,COD,5064000.0
Kioto,JPN,1461974.0
Kirov,RUS,466200.0
Kiryu,JPN,118326.0
Kiseljovsk,RUS,110000.0
Kishiwada,JPN,197276.0
Kisumu,KEN,192733.0
Kitakyushu,JPN,1016264.0
Kitami,JPN,111295.0
Kitchener,CAN,189959.0
Kitwe,ZMB,288600.0
Klagenfurt,AUT,91141.0
Klerksdorp,ZAF,261911.0
Knoxville,USA,173890.0
Kobe,JPN,1425139.0
Kofu,JPN,199753.0
Koganei,JPN,110969.0
Kokubunji,JPN,106996.0
Kolhapur,IND,406370.0
Kolwezi,COD,417810.0
Komaki,JPN,139827.0
Komatsu,JPN,107937.0
Komsomolsk-na-Amure,RUS,291600.0
Konan,JPN,95521.0
Korba,IND,124501.0
Koriyama,JPN,330335.0
Korla,CHN,159344.0
Korolev,RUS,132400.0
Koror,PLW,12000.0
Koshigaya,JPN,301446.0
Kostjantynivka,UKR,95000.0
Kota,IND,537371.0
Kota Bharu,MYS,219582.0
Koudougou,BFA,105000.0
Kowloon and New Kowloon,HKG,1987996.0
KoÅ¡ice,SVK,241874.0
Kragujevac,YUG,147305.0
KrakÃ³w,POL,738150.0
Kramatorsk,UKR,186000.0
Krasnyi LutÅ¡,UKR,101000.0
Krefeld,DEU,241769.0
Ksar el Kebir,MAR,107065.0
Kuala Lumpur,MYS,1297526.0
Kuching,MYS,148059.0
Kueishan,TWN,112195.0
Kukatpalle,IND,185378.0
Kumasi,GHA,385192.0
Kumbakonam,IND,139483.0
Kumo,NGA,148000.0
Kunming,CHN,1829500.0
Kupang,IDN,129300.0
Kurashiki,JPN,425103.0
Kure,JPN,206504.0
Kurnool,IND,236800.0
Kusatsu,JPN,106232.0
Kushiro,JPN,197608.0
Kuwait,KWT,28859.0
Kuwana,JPN,106121.0
Kwangmyong,KOR,350914.0
Kyongju,KOR,272968.0
Kyzyl,RUS,101100.0
KÃ¶kshetau,KAZ,123400.0
KÃ¸benhavn,DNK,495699.0
La Ceiba,HND,89200.0
La Matanza,ARG,1266461.0
La Paz,BOL,758141.0
La Rioja,ARG,138117.0
La Romana,DOM,140204.0
La Serena,CHL,137409.0
La Spezia,ITA,95504.0
Lagos,NGA,1518000.0
Lagos de Moreno,MEX,127949.0
Laizhou,CHN,198664.0
Lakewood,USA,144126.0
Lalbahadur Nagar,IND,155500.0
LambarÃ©,PRY,99681.0
Lancaster,USA,118718.0
Langfang,CHN,148105.0
Lanzhou,CHN,1565800.0
LanÃºs,ARG,469735.0
Laoag,PHL,94466.0
Laohekou,CHN,123366.0
Larisa,GRC,113090.0
Las Palmas de Gran Canaria,ESP,354757.0
Lashio (Lasho),MMR,107600.0
Latina,ITA,114099.0
Latur,IND,197408.0
Lauro de Freitas,BRA,109236.0
Le Mans,FRA,146105.0
Le-Cap-HaÃ¯tien,HTI,102233.0
Lecce,ITA,98208.0
Leeds,GBR,424194.0
LeganÃ©s,ESP,173163.0
Legazpi,PHL,157010.0
Legnica,POL,109335.0
Leicester,GBR,294000.0
Leipzig,DEU,489532.0
Leiyang,CHN,130115.0
Lengshuijiang,CHN,137994.0
Lerdo,MEX,112272.0
Lerma,MEX,99714.0
Les Abymes,GLP,62947.0
Leshan,CHN,341128.0
LeÃ³n,ESP,139809.0
Lhasa,CHN,120000.0
Lhokseumawe,IDN,109600.0
Liangcheng,CHN,156307.0
Lianyuan,CHN,118858.0
Lianyungang,CHN,354139.0
Liaoyang,CHN,492559.0
Liaoyuan,CHN,354141.0
Liepaja,LVA,89439.0
Ligao,PHL,90603.0
Likasi,COD,299118.0
Lille,FRA,184657.0
Lincoln,USA,225581.0
Linfen,CHN,187309.0
Linhares,BRA,106278.0
LinkÃ¶ping,SWE,133168.0
Linqing,CHN,123958.0
Linyi,CHN,324720.0
Lipa,PHL,218447.0
Lipetsk,RUS,521000.0
LiuÂ´an,CHN,144248.0
Liverpool,GBR,461000.0
Livonia,USA,100545.0
Livorno,ITA,161673.0
Lleida (LÃ©rida),ESP,112207.0
Lobito,AGO,130000.0
LomÃ©,TGO,375000.0
London,CAN,339917.0
London,GBR,7285000.0
Long Beach,USA,461522.0
Longjing,CHN,139417.0
Longyan,CHN,134481.0
Longyearbyen,SJM,1438.0
Los Angeles,CHL,158215.0
Los Cabos,MEX,105199.0
Loudi,CHN,128418.0
Lowell,USA,105167.0
Luanda,AGO,2022000.0
Luanshya,ZMB,118100.0
Lubao,PHL,125699.0
Lubbock,USA,199564.0
Lucknow,IND,1619115.0
Ludwigshafen am Rhein,DEU,163771.0
Lund,SWE,98948.0
Luohe,CHN,126438.0
Luoyang,CHN,760000.0
Luton,GBR,183000.0
Luxor,EGY,360503.0
Luzhou,CHN,262892.0
LuziÃ¢nia,BRA,125597.0
LÃ¡zaro CÃ¡rdenas,MEX,170878.0
Maastricht,NLD,122087.0
Mabalacat,PHL,171045.0
Macao,MAC,437500.0
MacapÃ¡,BRA,256033.0
MacaÃ©,BRA,125597.0
Machakos,KEN,116293.0
Machala,ECU,210368.0
Machilipatnam (Masulipatam),IND,159110.0
Macon,USA,113336.0
Macuspana,MEX,133795.0
Madison,USA,208054.0
Madrid,ESP,2879052.0
Maebashi,JPN,284473.0
Magelang,IDN,123800.0
MagÃ©,BRA,196147.0
Mahbubnagar,IND,116833.0
Maidstone,GBR,90878.0
Maizuru,JPN,94784.0
Majalaya,IDN,93200.0
Makati,PHL,444867.0
Makurdi,NGA,123100.0
Malabo,GNQ,40000.0
Malabon,PHL,338855.0
Malang,IDN,716862.0
Malasiqui,PHL,113190.0
Malatya,TUR,330312.0
Malaybalay,PHL,123672.0
Malayer,IRN,144373.0
Malita,PHL,100000.0
Mallawi,EGY,119283.0
Malungon,PHL,93232.0
Malvinas Argentinas,ARG,290335.0
Managua,NIC,959000.0
Manaus,BRA,1255049.0
Manchester,GBR,430000.0
Mandaluyong,PHL,278474.0
Mandasor,IND,95758.0
Mandaue,PHL,259728.0
Mandya,IND,120265.0
Mango,IND,110024.0
Manta,ECU,164739.0
Manzhouli,CHN,120023.0
Maoming,CHN,178683.0
Mar del Plata,ARG,512880.0
MarabÃ¡,BRA,167795.0
MaracanaÃº,BRA,162022.0
Maragheh,IRN,132318.0
Marawi,PHL,131090.0
Marbella,ESP,101144.0
Maribor,SVN,115532.0
Marikina,PHL,391170.0
MaringÃ¡,BRA,286461.0
Markham,CAN,189098.0
Maroua,CMR,143000.0
Marseille,FRA,798430.0
MartÃ­nez de la Torre,MEX,118815.0
Marv Dasht,IRN,103579.0
MarÃ­lia,BRA,188691.0
Masaya,NIC,88971.0
Mashhad,IRN,1887405.0
Masqat,OMN,51969.0
Matadi,COD,172730.0
Mataram,IDN,306600.0
MatarÃ³,ESP,104095.0
Mathura,IND,226691.0
Matola,MOZ,424662.0
Matsubara,JPN,135010.0
Matsumoto,JPN,206801.0
Matsusaka,JPN,123582.0
Matsuyama,JPN,466133.0
Maunath Bhanjan,IND,136697.0
MauÃ¡,BRA,375055.0
Maxixe,MOZ,93985.0
MayagÃ¼ez,PRI,98434.0
Mazar-e-Sharif,AFG,127800.0
Mbuji-Mayi,COD,806475.0
Mdantsane,ZAF,182639.0
Medan,IDN,1843919.0
MedellÃ­n,COL,1861265.0
Meerut,IND,753778.0
Meerut Cantonment,IND,94876.0
Meihekou,CHN,209038.0
Meixian,CHN,132156.0
Mekele,ETH,96938.0
Mekka,SAU,965700.0
Melbourne,AUS,2865329.0
Melipilla,CHL,91056.0
Mendoza,ARG,123027.0
Mersin (IÃ§el),TUR,587212.0
Meru,KEN,94947.0
Messina,ITA,259156.0
Metairie,USA,149428.0
Metepec,MEX,194265.0
Mianyang,CHN,262947.0
Miaoli,TWN,90000.0
Midnapore (Medinipur),IND,125498.0
Midsayap,PHL,105760.0
Milagro,ECU,124177.0
Milano,ITA,1300977.0
Mingora,PAK,174500.0
MingÃ¤Ã§evir,AZE,93900.0
Minoo,JPN,127026.0
Miraj,IND,125407.0
Miryang,KOR,121501.0
Mirzapur-cum-Vindhyachal,IND,169336.0
Mishan,CHN,132744.0
Mishima,JPN,109699.0
Misrata,LBY,121669.0
Mit Ghamr,EGY,101801.0
Mito,JPN,246559.0
Miyakonojo,JPN,133183.0
Mobara,JPN,91664.0
Modena,ITA,176022.0
Modinagar,IND,101660.0
Moers,DEU,106837.0
Moga,IND,108304.0
Moji das Cruzes,BRA,339194.0
Moji-GuaÃ§u,BRA,123782.0
Mojokerto,IDN,96626.0
Monaco-Ville,MCO,1234.0
Monrovia,LBR,850000.0
Mons,BEL,90935.0
MonterÃ­a,COL,248245.0
MontrÃ©al,CAN,1016376.0
Monza,ITA,119516.0
Morena,IND,147124.0
Moriguchi,JPN,155941.0
Morioka,JPN,287353.0
Morogoro,TZA,117800.0
Morvi,IND,90357.0
MossorÃ³,BRA,214901.0
Mostaganem,DZA,115212.0
Mosul,IRQ,879000.0
Mount Darwin,ZWE,164362.0
Mumbai (Bombay),IND,10500000.0
Munich [MÃ¼nchen],DEU,1194560.0
Murwara (Katni),IND,163431.0
Musashino,JPN,134426.0
Muzaffargarh,PAK,121600.0
Muzaffarnagar,IND,240609.0
Mwene-Ditu,COD,137459.0
Myingyan,MMR,103600.0
Mykolajiv,UKR,508000.0
Mymensingh,BGD,188713.0
MytiÅ¡tÅ¡i,RUS,155700.0
MÃ¡laga,ESP,530553.0
MÃ¼lheim an der Ruhr,DEU,173895.0
MÃ¼nster,DEU,264670.0
Nablus,PSE,100231.0
Nadiad,IND,167051.0
Naga,PHL,137810.0
Nagano,JPN,361391.0
Nagaoka,JPN,192407.0
Nagar Coil,IND,190084.0
Nagoya,JPN,2154376.0
Naha,JPN,299851.0
Nairobi,KEN,2290000.0
Najafabad,IRN,178498.0
Najran,SAU,91000.0
Nakhon Ratchasima,THA,181400.0
Nakuru,KEN,163927.0
Namangan,UZB,370500.0
Namibe,AGO,118200.0
Nampo,PRK,566200.0
Namur,BEL,105419.0
Namwon,KOR,103544.0
Namyangju,KOR,229060.0
Nanchang,CHN,1691600.0
Nanchong,CHN,180273.0
Nanded (Nander),IND,275083.0
Nanking [Nanjing],CHN,2870300.0
Nanning,CHN,1161800.0
Nantes,FRA,270251.0
Naogaon,BGD,101266.0
Naperville,USA,128358.0
Nara,JPN,362812.0
Narayanganj,BGD,202134.0
Nashik (Nasik),IND,656925.0
Nassau,BHS,172000.0
Nasugbu,PHL,96113.0
Navadwip,IND,125037.0
Navolato,MEX,145396.0
Navotas,PHL,230403.0
Navsari,IND,126089.0
Nawabganj,BGD,130577.0
Nazret,ETH,127842.0
Neijiang,CHN,256012.0
Neiva,COL,300052.0
Nellore,IND,316606.0
Nepean,CAN,115100.0
Netanya,ISR,154900.0
NeuquÃ©n,ARG,167296.0
New Bombay,IND,307297.0
Newcastle,AUS,270324.0
Newport,GBR,139000.0
Neyveli,IND,118080.0
Nigel,ZAF,96734.0
Niigata,JPN,497464.0
Niiza,JPN,147744.0
Nijmegen,NLD,152463.0
NilÃ³polis,BRA,153383.0
Ningbo,CHN,1371200.0
Nishinomiya,JPN,397618.0
Nishio,JPN,100032.0
NiterÃ³i,BRA,459884.0
Nizamabad,IND,241034.0
Niznevartovsk,RUS,233900.0
NiÅ¡,YUG,175391.0
Noda,JPN,121030.0
Noida,IND,146514.0
North Barrackpur,IND,100513.0
North Dum Dum,IND,149965.0
North Shore,NZL,187700.0
North York,CAN,622632.0
Norwalk,USA,103298.0
Norwich,GBR,124000.0
Nottingham,GBR,287000.0
NoumÃ©a,NCL,76293.0
NouÃ¢dhibou,MRT,97600.0
Nova Friburgo,BRA,170697.0
Nova IguaÃ§u,BRA,862225.0
Novi Sad,YUG,179626.0
Novo Hamburgo,BRA,239940.0
Novomoskovsk,RUS,138100.0
Novopolotsk,BLR,106000.0
NovotÅ¡erkassk,RUS,184400.0
Numazu,JPN,211382.0
Nuuk,GRL,13445.0
Nyeri,KEN,91258.0
Oakland,USA,399484.0
Oakville,CAN,139192.0
Oaxaca de JuÃ¡rez,MEX,256848.0
Oberhausen,DEU,222349.0
Obihiro,JPN,173685.0
Ocumare del Tuy,VEN,97168.0
Odesa,UKR,1011000.0
Odessa,USA,89293.0
Offenbach am Main,DEU,116627.0
Ogaki,JPN,151758.0
Oita,JPN,433401.0
Okayama,JPN,624269.0
Okinawa,JPN,117748.0
Oldbury/Smethwick (Warley),GBR,145542.0
Olinda,BRA,354732.0
Olmalik,UZB,114900.0
Olomouc,CZE,102702.0
Olongapo,PHL,194260.0
Omdurman,SDN,1271403.0
Omuta,JPN,142889.0
Ongole,IND,100836.0
Onitsha,NGA,371900.0
Onomichi,JPN,93756.0
Opole,POL,129553.0
Oradea,ROM,222239.0
Orai,IND,98640.0
Oral,KAZ,195500.0
Oran,DZA,609823.0
Oruro,BOL,223553.0
Osaka,JPN,2595674.0
Osasco,BRA,659604.0
Osh,KGZ,222700.0
Osijek,HRV,104761.0
Oslo,NOR,508726.0
Osorno,CHL,141468.0
Ota,JPN,145317.0
Otaru,JPN,155784.0
OthÃ³n P. Blanco (Chetumal),MEX,208014.0
Ottawa,CAN,335277.0
Oujda,MAR,365382.0
Oulu,FIN,120753.0
Ourense (Orense),ESP,109120.0
Ourinhos,BRA,96291.0
Ovalle,CHL,94854.0
Oviedo,ESP,200453.0
Oxford,GBR,144000.0
Oyama,JPN,152820.0
Ozamis,PHL,110420.0
Paarl,ZAF,105768.0
Pabna,BGD,103277.0
Padang,IDN,534474.0
Padang Sidempuan,IDN,91200.0
Padova,ITA,211391.0
Palayankottai,IND,97662.0
Palembang,IDN,1222764.0
Palermo,ITA,683794.0
Palghat (Palakkad),IND,123289.0
Pallavaram,IND,111866.0
Palma de Mallorca,ESP,326993.0
Palmas,BRA,121919.0
Pamplona [IruÃ±a],ESP,180483.0
Panabo,PHL,133950.0
Pangkal Pinang,IDN,124000.0
Panihati,IND,275990.0
Panipat,IND,215218.0
Panjin,CHN,362773.0
Panzhihua,CHN,415466.0
Parakou,BEN,103577.0
ParanaguÃ¡,BRA,126076.0
ParanÃ¡,ARG,207041.0
ParaÃ±aque,PHL,449811.0
Parbhani,IND,190255.0
Parma,ITA,168717.0
Parnamirim,BRA,96210.0
ParnaÃ­ba,BRA,129756.0
Pasay,PHL,354908.0
Pasig,PHL,505058.0
Passos,BRA,98570.0
Pasto,COL,332396.0
Pasuruan,IDN,134019.0
Patan,IND,96109.0
Patiala,IND,238368.0
Patna,IND,917243.0
Patos,BRA,90519.0
Patos de Minas,BRA,119262.0
Paulista,BRA,248473.0
Pavlodar,KAZ,300500.0
Pegu (Bago),MMR,190900.0
Pekalongan,IDN,301504.0
Pekan Baru,IDN,438638.0
Peking,CHN,7472000.0
Pemalang,IDN,103500.0
Pematang Siantar,IDN,203056.0
Percut Sei Tuan,IDN,129000.0
Pereira,COL,381725.0
Peristerion,GRC,137288.0
Perth,AUS,1096829.0
Pesaro,ITA,88987.0
Pescara,ITA,115698.0
Petah Tiqwa,ISR,159400.0
Petropavl,KAZ,203500.0
PetrÃ³polis,BRA,279183.0
Phnom Penh,KHM,570155.0
Phoenix,USA,1321045.0
Phyongsong,PRK,272934.0
Piacenza,ITA,98384.0
Piatra Neamt,ROM,125070.0
Pietermaritzburg,ZAF,370190.0
Pilar,ARG,113428.0
Pilibhit,IND,106605.0
Pinar del RÃ­o,CUB,142100.0
Pindamonhangaba,BRA,121904.0
Pinetown,ZAF,378810.0
Pingchen,TWN,188344.0
Pingdingshan,CHN,410775.0
Pingdu,CHN,150123.0
Pingliang,CHN,99265.0
Pingxiang,CHN,425579.0
Pingyi,CHN,89373.0
Pinhais,BRA,98198.0
Piracicaba,BRA,319104.0
Pisa,ITA,92379.0
Piura,PER,325000.0
Plovdiv,BGR,342584.0
Podgorica,YUG,135000.0
Pointe-Noire,COG,500000.0
Pondicherry,IND,203065.0
Pondok Aren,IDN,92700.0
Pondokgede,IDN,263200.0
Ponta Grossa,BRA,268013.0
Pontianak,IDN,409632.0
Poole,GBR,141000.0
PopayÃ¡n,COL,200719.0
Porbandar,IND,116671.0
Port Elizabeth,ZAF,752319.0
Port Harcourt,NGA,410000.0
Port Moresby,PNG,247000.0
Port Sudan,SDN,308195.0
Port-au-Prince,HTI,884472.0
Port-of-Spain,TTO,43396.0
Portmore,JAM,99799.0
Porto Alegre,BRA,1314032.0
Porto Velho,BRA,309750.0
Porto-Novo,BEN,194000.0
Portsmouth,GBR,190000.0
Posadas,ARG,201273.0
Potchefstroom,ZAF,101817.0
Potsdam,DEU,128983.0
Pouso Alegre,BRA,100028.0
PoÃ§os de Caldas,BRA,129683.0
Praha,CZE,1181126.0
Praia,CPV,94800.0
Pretoria,ZAF,658630.0
Prizren,YUG,92303.0
Probolinggo,IDN,120770.0
Pueblo,USA,102121.0
Puente Alto,CHL,386236.0
Puerto Montt,CHL,152194.0
Puerto Princesa,PHL,161912.0
Puerto Vallarta,MEX,183741.0
Pune,IND,1566651.0
Puno,PER,101578.0
Punta Arenas,CHL,125631.0
Puqi,CHN,117264.0
Puri,IND,125199.0
Purnea (Purnia),IND,114912.0
Purulia,IND,92574.0
Purwakarta,IDN,95900.0
Pusan,KOR,3804522.0
Putian,CHN,91030.0
Puyang,CHN,175988.0
Pyongyang,PRK,2484000.0
PÃ¡nuco,MEX,90551.0
Qaemshahr,IRN,143286.0
Qandahar,AFG,237500.0
Qarchak,IRN,142690.0
Qashqar,CHN,174570.0
Qazvin,IRN,291117.0
Qianjiang,CHN,205504.0
Qidong,CHN,126872.0
Qina,EGY,171275.0
Qingyuan,CHN,164641.0
Qinhuangdao,CHN,364972.0
Qiqihar,CHN,1070000.0
Qitaihe,CHN,214957.0
Qom,IRN,777677.0
Qomsheh,IRN,89800.0
Qostanay,KAZ,221400.0
Quanzhou,CHN,185154.0
Queimados,BRA,115020.0
Quetzaltenango,GTM,90801.0
Quevedo,ECU,129631.0
Quezon,PHL,2173831.0
Quilmes,ARG,559249.0
Qutubullapur,IND,105380.0
Quzhou,CHN,112373.0
QuÃ©bec,CAN,167264.0
Qyzylorda,KAZ,157400.0
Rae Bareli,IND,129904.0
Rafsanjan,IRN,98300.0
Rahim Yar Khan,PAK,228479.0
Raiganj,IND,151045.0
Raigarh,IND,89166.0
Raipur,IND,438639.0
Raj Nandgaon,IND,125371.0
Rajahmundry,IND,324851.0
Rajapalaiyam,IND,114202.0
Raleigh,USA,276093.0
Ramagundam,IND,214384.0
Ramat Gan,ISR,126900.0
Rampur,IND,243742.0
Ranchi,IND,599306.0
Randburg,ZAF,341288.0
Randfontein,ZAF,120838.0
Rangpur,BGD,191398.0
Rasht,IRN,417748.0
Raurkela Civil Township,IND,140408.0
Ravenna,ITA,138418.0
Rawalpindi,PAK,1406214.0
Reading,GBR,148000.0
Reggio di Calabria,ITA,179617.0
Reggio nellÂ´ Emilia,ITA,143664.0
Rehovot,ISR,90300.0
Renqiu,CHN,114256.0
Resistencia,ARG,229212.0
Rewa,IND,128981.0
ReykjavÃ­k,ISL,109184.0
Reynosa,MEX,419776.0
RibeirÃ£o Pires,BRA,108121.0
RibeirÃ£o das Neves,BRA,232685.0
Richmond,CAN,148867.0
Richmond Hill,CAN,116428.0
Rimini,ITA,131062.0
Rio Verde,BRA,107755.0
Rio de Janeiro,BRA,5598953.0
Rishon Le Ziyyon,ISR,188200.0
Rishra,IND,102649.0
Rizhao,CHN,185048.0
Road Town,VGB,8000.0
Roanoke,USA,93357.0
Rochdale,GBR,94313.0
Roma,ITA,2643581.0
RondonÃ³polis,BRA,155115.0
Roodepoort,ZAF,279340.0
Rosario,ARG,907718.0
Roseau,DMA,16243.0
Rotherham,GBR,121380.0
Roubaix,FRA,96984.0
Roxas,PHL,126352.0
Ruda Slaska,POL,159665.0
Rudnyy,KAZ,109500.0
RuiÂ´an,CHN,156468.0
Ruse,BGR,166467.0
Rustavi,GEO,155400.0
RÃ­o Cuarto,ARG,134355.0
RÃ­obamba,ECU,123163.0
Saanich,CAN,101388.0
SaarbrÃ¼cken,DEU,183836.0
Sabadell,ESP,184859.0
Saga,JPN,170034.0
Sagamihara,JPN,586300.0
Sagar,IND,195346.0
Saharanpur,IND,374945.0
Saidpur,BGD,96777.0
Saint Catharines,CAN,136216.0
Saint George,BMU,1800.0
Saint JohnÂ´s,ATG,24000.0
Saint-Denis,REU,131480.0
Saint-Louis,SEN,132400.0
Sakai,JPN,797735.0
Sakarya (Adapazari),TUR,190641.0
Sakata,JPN,101651.0
Sakura,JPN,168072.0
Salala,OMN,131813.0
Salamanca,MEX,226864.0
Salatiga,IDN,103000.0
Salem,IND,366712.0
Salem,USA,136924.0
Salt Lake City,USA,181743.0
Salta,ARG,367550.0
Salvador,BRA,2302832.0
Salvatierra,MEX,94322.0
Salzburg,AUT,144247.0
Samarinda,IDN,399175.0
Sambalpur,IND,131138.0
Sambhal,IND,150869.0
San AndrÃ©s Tuxtla,MEX,142251.0
San Bernardo,CHL,241910.0
San Carlos,PHL,142262.33333333334
San Felipe,MEX,95305.0
San Felipe de Puerto Plata,DOM,89423.0
San Fernando,ARG,153036.0
San Fernando,PHL,181932.0
San Fernando del Valle de Cata,ARG,134935.0
San Francisco,USA,776733.0
San Francisco del RincÃ³n,MEX,100149.0
San Isidro,ARG,306341.0
San Jose,PHL,109172.33333333333
San Juan,PRI,434374.0
San Marino,SMR,2294.0
San Mateo,PHL,135603.0
San Miguel,ARG,248700.0
San Miguel,SLV,127696.0
San Miguel de TucumÃ¡n,ARG,470809.0
San NicolÃ¡s de los Arroyos,ARG,119302.0
San Pablo,PHL,207927.0
San Pedro,PHL,231403.0
San Pedro Garza GarcÃ­a,MEX,126147.0
San Pedro de MacorÃ­s,DOM,124735.0
San Pedro de la Paz,CHL,91684.0
San Rafael,ARG,94651.0
San Salvador,SLV,415346.0
San Salvador de Jujuy,ARG,178748.0
Sanaa,YEM,503600.0
Sanda,JPN,105643.0
Sanmenxia,CHN,120523.0
Santa Ana,SLV,139389.0
Santa BÃ¡rbara dÂ´Oeste,BRA,171657.0
Santa Coloma de Gramenet,ESP,120802.0
Santa Cruz,PHL,92694.0
Santa Cruz de Tenerife,ESP,213050.0
Santa Cruz de la Sierra,BOL,935361.0
Santa Cruz do Sul,BRA,106734.0
Santa FÃ©,ARG,353063.0
Santa Luzia,BRA,164704.0
Santa Maria,PHL,144282.0
Santa Marta,COL,359147.0
Santa Rita,BRA,113135.0
Santa Rosa,PHL,185633.0
Santana do Livramento,BRA,91779.0
SantarÃ©m,BRA,241771.0
Santiago,PHL,110531.0
Santiago de Chile,CHL,4703954.0
Santiago de los Caballeros,DOM,365463.0
Santipur,IND,109956.0
Santo Domingo de los Colorados,ECU,202111.0
Santos,BRA,408748.0
Sanya,CHN,102820.0
Sapucaia do Sul,BRA,120217.0
Saqqez,IRN,115394.0
Sarajevo,BIH,360000.0
Saratov,RUS,874000.0
Sargodha,PAK,455360.0
Sari,IRN,195882.0
Sariaya,PHL,114568.0
Sariwon,PRK,254146.0
Sasaram,IND,98220.0
Sasebo,JPN,244240.0
Saskatoon,CAN,193647.0
Sassari,ITA,120803.0
Satara,IND,95133.0
Savannakhet,LAO,96652.0
Saveh,IRN,111245.0
Sayama,JPN,162472.0
Scarborough,CAN,594501.0
Secunderabad,IND,167461.0
Sekondi-Takoradi,GHA,103653.0
Semarang,IDN,1104405.0
Semey,KAZ,269600.0
Semnan,IRN,91045.0
Seoul,KOR,9981619.0
Serampore,IND,137028.0
Serang,IDN,122400.0
Serekunda,GMB,102600.0
SertÃ£ozinho,BRA,98140.0
Sete Lagoas,BRA,182984.0
Seto,JPN,130470.0
Sevilla,ESP,701927.0
Sfax,TUN,257800.0
Shahrud,IRN,104765.0
Shaki,NGA,174500.0
Shambajinagar (Aurangabad),IND,573272.0
Shanghai,CHN,9696300.0
Shangzi,CHN,215373.0
Shantou,CHN,580000.0
Shanwei,CHN,107847.0
Shaoguan,CHN,350043.0
Shaowu,CHN,90286.0
Shaoyang,CHN,247227.0
Shashi,CHN,281352.0
Shenzhen,CHN,950500.0
Shibin al-Kawm,EGY,159909.0
Shihezi,CHN,299676.0
Shikarpur,PAK,133300.0
Shillong,IND,131719.0
Shimizu,JPN,239123.0
Shimoga,IND,179258.0
Shimonoseki,JPN,257263.0
Shiraz,IRN,1053025.0
Shishou,CHN,104571.0
Shivapuri,IND,108277.0
Shuangyashan,CHN,386081.0
Shubra al-Khayma,EGY,870716.0
Shulin,TWN,151260.0
Shymkent,KAZ,360100.0
Sikar,IND,148272.0
Silang,PHL,156137.0
Silay,PHL,107722.0
Siliguri (Shiliguri),IND,216950.0
Simferopol,UKR,339000.0
Sinuiju,PRK,326011.0
Siping,CHN,317223.0
Sirajganj,BGD,99669.0
Sirjan,IRN,135024.0
Sitapur,IND,121842.0
Sittwe (Akyab),MMR,137600.0
Sivas,TUR,246642.0
Skikda,DZA,128747.0
Sliven,BGR,105530.0
Slovjansk,UKR,127000.0
Slupsk,POL,102370.0
Smolensk,RUS,353400.0
Sobral,BRA,146005.0
Sofija,BGR,1122302.0
Sogamoso,COL,107728.0
Soka,JPN,222768.0
Sokoto,NGA,204900.0
Solapur (Sholapur),IND,604215.0
Soledad de Graciano SÃ¡nchez,MEX,179956.0
Songnam,KOR,869094.0
Sorocaba,BRA,466823.0
Sorsogon,PHL,92512.0
Soshanguve,ZAF,242727.0
Sousse,TUN,145900.0
South Bend,USA,107789.0
South Dum Dum,IND,232811.0
South Hill,AIA,961.0
Southampton,GBR,216000.0
Soyapango,SLV,129800.0
Spokane,USA,195629.0
Springfield,USA,152082.0
Springs,ZAF,162072.0
St Petersburg,RUS,4694000.0
Stanley,FLK,1636.0
Stara Zagora,BGR,147939.0
Stockport,GBR,132813.0
Stoke-on-Trent,GBR,252000.0
Sucre,BOL,178426.0
Sudbury,CAN,92686.0
Suez,EGY,417610.0
Suihua,CHN,227881.0
Suizhou,CHN,142302.0
Sukabumi,IDN,125766.0
Sukkur,PAK,329176.0
Sultan Kudarat,PHL,94861.0
SumarÃ©,BRA,186205.0
Sunderland,GBR,183310.0
Sunrise Manor,USA,95362.0
Suqian,CHN,105021.0
Surabaya,IDN,2663820.0
Surendranagar,IND,105973.0
Surgut,RUS,274900.0
Surigao,PHL,118534.0
Surrey,CAN,304477.0
Sutton Coldfield,GBR,106001.0
Suva,FJI,77366.0
Suzano,BRA,195434.0
Suzhou,CHN,151862.0
Suzuka,JPN,184061.0
Swansea,GBR,230000.0
Swindon,GBR,180000.0
Sydney,AUS,3276207.0
Szeged,HUN,158158.0
SÃ£o Bernardo do Campo,BRA,723132.0
SÃ£o Caetano do Sul,BRA,133321.0
SÃ£o Carlos,BRA,187122.0
SÃ£o JosÃ© do Rio Preto,BRA,351944.0
SÃ£o JoÃ£o de Meriti,BRA,440052.0
SÃ£o LuÃ­s,BRA,837588.0
SÃ£o Vicente,BRA,286848.0
SÃ©tif,DZA,179055.0
Tabaco,PHL,107166.0
TaboÃ£o da Serra,BRA,197550.0
Tabriz,IRN,1191043.0
Tachikawa,JPN,159430.0
Tacloban,PHL,178639.0
Taejon,KOR,1425835.0
Tafuna,ASM,5200.0
Taguig,PHL,467375.0
Tagum,PHL,179531.0
Tainan,TWN,728060.0
Taiyuan,CHN,1968400.0
Taizhou,CHN,152442.0
Taizz,YEM,317600.0
Tajimi,JPN,103171.0
Takamatsu,JPN,332471.0
Takaoka,JPN,174380.0
Takasago,JPN,97632.0
Takasaki,JPN,239124.0
Takatsuki,JPN,361747.0
Talavera,PHL,97329.0
Talca,CHL,187557.0
Talcahuano,CHL,277752.0
Talkha,EGY,97700.0
Tallinn,EST,403981.0
Tama,JPN,146712.0
Tamale,GHA,151069.0
Tampere,FIN,195468.0
Tampico,MEX,294789.0
Tanauan,PHL,117539.0
Tando Adam,PAK,103400.0
Tangail,BGD,106004.0
Tanger,MAR,521735.0
Tanjung Pinang,IDN,89900.0
Tanza,PHL,110517.0
Taonan,CHN,150168.0
Taranto,ITA,208214.0
Taraz,KAZ,330100.0
Tarija,BOL,125255.0
Tarragona,ESP,113016.0
Tasikmalaya,IDN,179800.0
TatuÃ­,BRA,93897.0
TaubatÃ©,BRA,229130.0
Taytay,PHL,198183.0
Tbilisi,GEO,1235200.0
TecÃ¡mac,MEX,172410.0
Tegucigalpa,HND,813900.0
Teheran,IRN,6758845.0
Teixeira de Freitas,BRA,108441.0
Tel Aviv-Jaffa,ISR,348100.0
Temapache,MEX,102824.0
Temuco,CHL,233041.0
Tenali,IND,143726.0
Teresina,BRA,691942.0
TeresÃ³polis,BRA,128079.0
Ternopil,UKR,236000.0
Terrassa,ESP,168695.0
Tete,MOZ,101984.0
Thiruvananthapuram (Trivandrum,IND,524006.0
ThiÃ¨s,SEN,248000.0
Thunder Bay,CAN,115913.0
Tianmen,CHN,186332.0
Tianshui,CHN,244974.0
Tiaret,DZA,100118.0
Tiefa,CHN,131807.0
Tieli,CHN,265683.0
Timkur,IND,138903.0
Tirupati,IND,174369.0
Tiruppur (Tirupper),IND,235661.0
Tiruvannamalai,IND,109196.0
Titagarh,IND,114085.0
Tlaquepaque,MEX,475472.0
Toda,JPN,103969.0
Tokai,JPN,99738.0
Tokorozawa,JPN,325809.0
Tokushima,JPN,269649.0
Toledo,BRA,99387.0
Toluca,MEX,665617.0
TonalÃ¡,MEX,336109.0
Tondabayashi,JPN,125094.0
Tong-yong,KOR,131717.0
Tongchuan,CHN,280657.0
Tongliao,CHN,255129.0
Torbat-e Heydariyeh,IRN,94600.0
Torino,ITA,903705.0
Torre del Greco,ITA,94505.0
TorrejÃ³n de Ardoz,ESP,92262.0
Tottori,JPN,147523.0
Townsville,AUS,109914.0
Toyama,JPN,325790.0
Toyohashi,JPN,360066.0
Toyonaka,JPN,396689.0
Toyota,JPN,346090.0
Trento,ITA,104906.0
Tres de Febrero,ARG,352311.0
Trieste,ITA,216459.0
Tsaotun,TWN,96800.0
Tshikapa,COD,180860.0
Tsu,JPN,164543.0
Tsukuba,JPN,160768.0
Tsuruoka,JPN,100713.0
Tsuyama,JPN,91170.0
Tucheng,TWN,224897.0
Tuguegarao,PHL,120645.0
Tulcea,ROM,96278.0
Tumen,CHN,91471.0
Tungi,BGD,168702.0
Tunja,COL,109740.0
Tuticorin,IND,199854.0
Tychy,POL,133178.0
TÃ¢rgoviste,ROM,98980.0
TÃ©bessa,DZA,112007.0
TÃ³rshavn,FRO,14542.0
TÅ¡erepovets,RUS,324400.0
TÅ¡erkasy,UKR,309000.0
TÅ¡ernivtsi,UKR,259000.0
Ube,JPN,175206.0
Uberaba,BRA,249225.0
UberlÃ¢ndia,BRA,487222.0
Ubon Ratchathani,THA,116300.0
Ueda,JPN,124217.0
Ufa,RUS,1091200.0
Ujjain,IND,362266.0
Ujung Pandang,IDN,1060257.0
Ulanhot,CHN,159538.0
Uluberia,IND,155172.0
Umlazi,ZAF,339233.0
Unnao,IND,107425.0
Urasoe,JPN,96002.0
Urawa,JPN,469675.0
Urayasu,JPN,127550.0
Uruguaiana,BRA,126305.0
Ust-Ilimsk,RUS,105200.0
Utrecht,NLD,234323.0
Utsunomiya,JPN,440353.0
Uvira,COD,115590.0
Vacoas-Phoenix,MUS,98464.0
Vadodara (Baroda),IND,1031346.0
Valdivia,CHL,133106.0
Valencia,ESP,739412.0
Valencia,PHL,147924.0
Valenzuela,PHL,485433.0
Valladolid,ESP,319998.0
Valledupar,COL,263247.0
Valparai,IND,106523.0
ValparaÃ­so,CHL,293800.0
Vanadzor,ARM,172700.0
Vancouver,CAN,514008.0
Vanderbijlpark,ZAF,468931.0
Varamin,IRN,107233.0
Varanasi (Benares),IND,929270.0
Varginha,BRA,108314.0
Varna,BGR,299801.0
Vaughan,CAN,147889.0
Velikije Luki,RUS,116300.0
Vellore,IND,175061.0
Venezia,ITA,277305.0
Vereeniging,ZAF,328535.0
ViamÃ£o,BRA,207557.0
Vicente LÃ³pez,ARG,288341.0
Vicenza,ITA,109738.0
Victoria,SYC,41000.0
Victoria de las Tunas,CUB,132350.0
Vidisha,IND,92917.0
Vigo,ESP,283670.0
Vihari,PAK,92300.0
Vila Velha,BRA,318758.0
Villa Nueva,GTM,101295.0
Villavicencio,COL,273140.0
Villeurbanne,FRA,124215.0
Vilnius,LTU,577969.0
Vinnytsja,UKR,391000.0
Viransehir,TUR,106400.0
Visalia,USA,91762.0
Vishakhapatnam,IND,752037.0
VitÃ³ria,BRA,270626.0
VitÃ³ria de Santo AntÃ£o,BRA,113595.0
Vladivostok,RUS,606200.0
Votorantim,BRA,91777.0
VÃ¡rzea Grande,BRA,214435.0
Wad Madani,SDN,211362.0
Wadi al-Sir,JOR,89104.0
Wafangdian,CHN,251733.0
Walsall,GBR,174739.0
Warangal,IND,447657.0
Wardha,IND,102985.0
Warri,NGA,126100.0
Watford,GBR,113080.0
Weihai,CHN,128888.0
Welkom,ZAF,203296.0
Weno,FSM,22000.0
West Island,CCK,167.0
Wien,AUT,1608144.0
Willemstad,ANT,2345.0
Winnipeg,CAN,618477.0
Witbank,ZAF,167183.0
Witten,DEU,103384.0
Woking/Byfleet,GBR,92000.0
Wolverhampton,GBR,242000.0
Wonderboom,ZAF,283289.0
Wonju,KOR,237460.0
Worcester,GBR,95000.0
Worthing,GBR,100000.0
Wuhan,CHN,4344600.0
Wuhu,CHN,425740.0
Wuppertal,DEU,368993.0
Wuwei,CHN,133101.0
Wuxi,CHN,830000.0
Wuzhou,CHN,210452.0
Xalapa,MEX,390058.0
Xiangtan,CHN,441968.0
Xianning,CHN,136811.0
Xiantao,CHN,222884.0
Xianyang,CHN,352125.0
Xiaogan,CHN,166280.0
Xiaoshan,CHN,162930.0
Xichang,CHN,134419.0
Xilin Hot,CHN,90646.0
Xingcheng,CHN,102384.0
Xining,CHN,700200.0
Xinxiang,CHN,473762.0
Xinyang,CHN,192509.0
Xinyu,CHN,173524.0
Xinzhou,CHN,98667.0
XiÂ´an,CHN,2761400.0
Xuchang,CHN,208815.0
Xuzhou,CHN,810000.0
Yaizu,JPN,117258.0
Yakeshi,CHN,377869.0
Yamagata,JPN,255617.0
Yamaguchi,JPN,138210.0
Yamato,JPN,208234.0
Yamoussoukro,CIV,130000.0
Yamuna Nagar,IND,144346.0
Yancheng,CHN,296831.0
Yangjiang,CHN,215196.0
Yangor,NRU,4050.0
Yangquan,CHN,362268.0
Yangsan,KOR,163351.0
Yangzhou,CHN,312892.0
Yanji,CHN,230892.0
Yantai,CHN,452127.0
YanÂ´an,CHN,113277.0
Yao,JPN,276421.0
YaoundÃ©,CMR,1372800.0
Yatsushiro,JPN,107661.0
YaÂ´an,CHN,95900.0
Yeotmal (Yavatmal),IND,108578.0
Yerevan,ARM,1248700.0
Yibin,CHN,241019.0
Yichang,CHN,371601.0
Yichun,CHN,800000.0
Yinchuan,CHN,544500.0
Yixing,CHN,200824.0
Yizheng,CHN,109268.0
Yokkaichi,JPN,288173.0
Yokosuka,JPN,430200.0
Yonago,JPN,136461.0
Yonezawa,JPN,95592.0
Yongchon,KOR,113511.0
YongÂ´an,CHN,111762.0
York,GBR,104425.0
Yosu,KOR,183596.0
Yueyang,CHN,302800.0
Yulin,CHN,144467.0
Yumen,CHN,109234.0
Yuncheng,CHN,108359.0
Yuyao,CHN,114065.0
Yuzhou,CHN,92889.0
Zaanstad,NLD,135621.0
Zabol,IRN,100887.0
Zabrze,POL,200177.0
Zagazig,EGY,267351.0
Zahedan,IRN,419518.0
Zama,JPN,122046.0
Zamboanga,PHL,601794.0
Zamora,MEX,161191.0
Zanjan,IRN,286295.0
Zanzibar,TZA,157634.0
Zaoyang,CHN,162198.0
Zapopan,MEX,1002239.0
Zenica,BIH,96027.0
Zhangjiagang,CHN,97994.0
Zhangjiakou,CHN,530000.0
Zhangjiang,CHN,400997.0
Zhangzhou,CHN,181424.0
Zhaodong,CHN,179976.0
Zhaoqing,CHN,194784.0
Zhengzhou,CHN,2107200.0
Zhezqazghan,KAZ,90000.0
Zhongshan,CHN,278829.0
Zhoukou,CHN,146288.0
Zhoushan,CHN,156317.0
Zhucheng,CHN,102134.0
Zhuhai,CHN,164747.0
Zhumadian,CHN,123232.0
Zhuzhou,CHN,409924.0
Zigong,CHN,393184.0
Zinacantepec,MEX,121715.0
Zixing,CHN,110048.0
Zoetermeer,NLD,110214.0
Zukovski,RUS,96500.0
Zunyi,CHN,261862.0
Zwolle,NLD,105819.0
ZÃ¼rich,CHE,336800.0
[San CristÃ³bal de] la Laguna,ESP,127945.0
al-Arish,EGY,100447.0
al-Ayn,ARE,225970.0
al-Diwaniya,IRQ,196519.0
al-Faiyum,EGY,260964.0
al-Fashir,SDN,141884.0
al-Hilla,IRQ,268834.0
al-Kharj,SAU,152100.0
al-Mahallat al-Kubra,EGY,395402.0
al-Manama,BHR,148000.0
al-Mansura,EGY,369621.0
al-Mubarraz,SAU,219100.0
al-Nasiriya,IRQ,265937.0
al-Qamishliya,SYR,144286.0
al-Ramadi,IRQ,192556.0
al-Raqqa,SYR,108020.0
al-Rusayfa,JOR,137247.0
al-Sulaymaniya,IRQ,364096.0
al-Taif,SAU,416100.0
al-Tuqba,SAU,125700.0
al-Zarqa,JOR,389815.0
Ãguas Lindas de GoiÃ¡s,BRA,89200.0
Ã‡orum,TUR,145495.0
Å ahty,RUS,221800.0
Å iauliai,LTU,146563.0
Å ostka,UKR,90000.0
Å umen,BGR,94686.0
